seq,name,gc,genome,local_genome,pb_index,reg_index,reg_name,repetitive,tm,top_transcriptome,transcriptome
b'GGTGGTGATATCCCCTAAAAGGGAAGCTTTTCTCAACTAC',chr7_55477185_55482185_5kb_pb_2759,0.45,62.0,24.0,2759,0,chromosome 8:130343096-130348096,0.0,77.4229409878223,2.0,10.0
b'CTGCCCATGTCTGCTTTTCACATCCCTGCCTCTCTCTCCT',chr7_55477185_55482185_5kb_pb_2815,0.55,99.0,24.0,2815,0,chromosome 8:130343096-130348096,2.0,81.67167825576558,5.0,18.0
b'GATCATCAGAGCTGCCCCTGAAGAGTCCGTCCCAAAAGCT',chr7_55477185_55482185_5kb_pb_2855,0.55,31.0,24.0,2855,0,chromosome 8:130343096-130348096,0.0,81.75464214062924,0.0,2.0
b'GGCATCCAGACCCTAGCCAGGCACCCTCCATAGGACGTCC',chr7_55477185_55482185_5kb_pb_2895,0.65,38.0,24.0,2895,0,chromosome 8:130343096-130348096,0.0,87.42014897738392,0.0,6.0
b'AAAGAAAGAAAAGTCTGAATAGGCATGGAAATTACCTGCT',chr7_55477185_55482185_5kb_pb_3273,0.35,69.0,25.0,3273,0,chromosome 8:130343096-130348096,0.0,73.57091667339887,4.0,14.0
b'GCCCTGCTGCAGATGGCTCAGGGCTCTTACAGGCCATTAT',chr7_55477185_55482185_5kb_pb_3313,0.575,40.0,24.0,3313,0,chromosome 8:130343096-130348096,0.0,84.4058094897207,0.0,6.0
b'CACATAAATAAAGCACATGACTCGAAGCAGCAATGCATGA',chr7_55477185_55482185_5kb_pb_3353,0.4,78.0,24.0,3353,0,chromosome 8:130343096-130348096,1.0,74.6113287816209,4.0,6.0
b'CTCTTTTTATAATATAGAAACAGAGGTACCAAGGATACTG',chr7_55477185_55482185_5kb_pb_3414,0.325,75.0,24.0,3414,0,chromosome 8:130343096-130348096,0.0,70.23992928045112,3.0,20.0
b'AAGATCAAGCCAAAGAATAGTAGTAAGATCCCTAACAGTG',chr7_55477185_55482185_5kb_pb_3454,0.375,43.0,24.0,3454,0,chromosome 8:130343096-130348096,1.0,73.17229340403105,1.0,5.0
b'ACACAAATAGAGAAAAGAGTATAGTGAGCCCTCACGCACC',chr7_55477185_55482185_5kb_pb_4134,0.45,53.0,24.0,4134,0,chromosome 8:130343096-130348096,1.0,76.74478516180056,5.0,12.0
b'CATCACTGAACTACAATTAGCAACCCATAGCCAAGCTTAT',chr7_55477185_55482185_5kb_pb_4174,0.4,30.0,24.0,4174,0,chromosome 8:130343096-130348096,1.0,75.34656970782123,1.0,2.0
b'TTCATCACTCATTCTACCCTCTTCCATACTGTCTTAAAGC',chr7_55477185_55482185_5kb_pb_4214,0.4,42.0,24.0,4214,0,chromosome 8:130343096-130348096,0.0,74.04640162920873,1.0,1.0
b'AAATCCCAACCATTATGTCACTTCATCCAGAAACGGTTTA',chr7_55477185_55482185_5kb_pb_4254,0.375,40.0,24.0,4254,0,chromosome 8:130343096-130348096,2.0,75.3587282745682,0.0,2.0
