seq,name,gc,genome,local_genome,pb_index,reg_index,reg_name,repetitive,tm,top_transcriptome,transcriptome
b'AGCTGGGCCTGTTCATGCCACCGCGAAGCGGAAGGCGGGC',chr7_55907282_55912282_5kb_pb_40,0.7,90.0,24.0,40,0,chromosome 8:130343096-130348096,0.0,91.06416908220388,0.0,0.0
b'AGGCCACCGTGAGGCAAGAGCTGGATGTAGACAGGCCAGT',chr7_55907282_55912282_5kb_pb_406,0.6,99.0,24.0,406,0,chromosome 8:130343096-130348096,2.0,85.6552406190101,0.0,1.0
b'TGCCGGGAGGTAGGAGTTGGGCCAAAAGATTTAAGCACAT',chr7_55907282_55912282_5kb_pb_1021,0.5,92.0,24.0,1021,0,chromosome 8:130343096-130348096,0.0,82.44547003269582,0.0,7.0
b'TTCATTATAACAGGTGAATAGCATAATGAGAGACTGGCTA',chr7_55907282_55912282_5kb_pb_1807,0.35,88.0,24.0,1807,0,chromosome 8:130343096-130348096,0.0,72.78440719947713,4.0,12.0
b'AGTATGTCATGATATGACATACCTTGAAGAGAAGTTAACA',chr7_55907282_55912282_5kb_pb_4001,0.325,88.0,24.0,4001,0,chromosome 8:130343096-130348096,0.0,70.85894090679847,0.0,20.0
