seq,name,gc,genome,local_genome,pb_index,reg_index,reg_name,repetitive,tm,top_transcriptome,transcriptome
b'AGCTTTTTTTCAAGTGTTTGTTGTCCGAATAAATGTCTTC',chr7_55010183_55015183_5kb_pb_199,0.325,98.0,24.0,199,0,chromosome 8:130343096-130348096,2.0,71.54750361741009,1.0,14.0
b'AACAGAGGCCGCAGGAATAACGTCACACATATACAACCAT',chr7_55010183_55015183_5kb_pb_729,0.45,95.0,24.0,729,0,chromosome 8:130343096-130348096,0.0,78.5628165007268,1.0,14.0
b'TTATAAATTACTCAGGCAGTATGGCCTTTTCCATGATAAT',chr7_55010183_55015183_5kb_pb_998,0.325,81.0,24.0,998,0,chromosome 8:130343096-130348096,0.0,73.10831121422183,5.0,20.0
b'CATCCCAGGGACGAAGCTCACTCGTTTGTGGTGGGTAAGC',chr7_55010183_55015183_5kb_pb_1754,0.575,84.0,24.0,1754,0,chromosome 8:130343096-130348096,1.0,82.91736210923341,4.0,15.0
b'ATTCTCTGTTGGTAGTCTGTATTCTTGTGGGATCAGTGGT',chr7_55010183_55015183_5kb_pb_2219,0.425,56.0,24.0,2219,0,chromosome 8:130343096-130348096,0.0,76.14199347763139,2.0,7.0
b'TACTGTGTGGGAGTCTCGGTCTCTTCGTAAGTCTCTAAGG',chr7_55010183_55015183_5kb_pb_3362,0.5,43.0,24.0,3362,0,chromosome 8:130343096-130348096,0.0,78.01440979893408,5.0,12.0
