seq,name,gc,genome,local_genome,pb_index,reg_index,reg_name,repetitive,tm,top_transcriptome,transcriptome
b'CACAGAAACTGCTGGATTGGTTGCAACTCAGCGTTTGCCT',chr7_55737185_55742185_5kb_pb_68,0.5,92.0,24.0,68,0,chromosome 8:130343096-130348096,0.0,79.9512859203308,2.0,16.0
b'CGGCCCTCTGAGCCAGGGTAGGCCCAGAGACTCCAGCGCA',chr7_55737185_55742185_5kb_pb_171,0.7,55.0,24.0,171,0,chromosome 8:130343096-130348096,0.0,90.14340070909088,0.0,6.0
b'AAGGTAATTTATAAGTTCAATGACATCCCTGTCAAGCTAC',chr7_55737185_55742185_5kb_pb_1822,0.35,82.0,24.0,1822,0,chromosome 8:130343096-130348096,0.0,72.65926692004484,3.0,10.0
b'GGGGTTGCCATCCTAGGCATCCTAGGTTTAAAGTATGTTT',chr7_55737185_55742185_5kb_pb_4072,0.45,38.0,24.0,4072,0,chromosome 8:130343096-130348096,0.0,79.27793842843778,2.0,11.0
