seq,name,gc,genome,local_genome,pb_index,reg_index,reg_name,repetitive,tm,top_transcriptome,transcriptome
b'GCTCCTCCTCCATGGTAGGAGGTGGGCTTTTACCAGGTTC',chr7_55897282_55902282_5kb_pb_85,0.575,67.0,24.0,85,0,chromosome 8:130343096-130348096,1.0,83.79428950266635,3.0,19.0
b'ATGACAGAGAGGAAAGCAACATTGTGGTCATTCTCTGTCT',chr7_55897282_55902282_5kb_pb_160,0.425,65.0,24.0,160,0,chromosome 8:130343096-130348096,2.0,75.39919330569529,0.0,15.0
b'ATGCTCTGCTCCCATGAGCCCTTGTACACTCCTGCTAGCC',chr7_55897282_55902282_5kb_pb_571,0.575,58.0,24.0,571,0,chromosome 8:130343096-130348096,0.0,83.46932083374219,0.0,13.0
b'ATGTCTGGGCCACAACTGACAGGCGTTCAGAGGACACCCC',chr7_55897282_55902282_5kb_pb_639,0.6,43.0,24.0,639,0,chromosome 8:130343096-130348096,0.0,85.0009906611636,0.0,14.0
b'CTCAGGATCGAGCAAGGGGTGGCAGGAGTAAAGGAAGAAG',chr7_55897282_55902282_5kb_pb_1189,0.55,49.0,24.0,1189,0,chromosome 8:130343096-130348096,2.0,81.184658945595,2.0,6.0
b'GTGCAGAACATCCTGCTCATGCTTCCCCAGCAGCTTCAGT',chr7_55897282_55902282_5kb_pb_2311,0.55,89.0,24.0,2311,0,chromosome 8:130343096-130348096,0.0,81.80037829321356,4.0,17.0
b'AGCCAGGCTGTCAAGGTCCCACCTCTGGGGCAGAGGCAGT',chr7_55897282_55902282_5kb_pb_2473,0.65,97.0,24.0,2473,0,chromosome 8:130343096-130348096,0.0,88.89600734070302,2.0,15.0
b'GGGACCCAGGTGTTGAAGCAGGGCTAGGGTGTCCCCTTCC',chr7_55897282_55902282_5kb_pb_2513,0.65,40.0,24.0,2513,0,chromosome 8:130343096-130348096,0.0,88.3972952729867,0.0,3.0
b'GGCAGGCAGGAGCTGGGACTGCCAAAGCGGCCGAAAGGCA',chr7_55897282_55902282_5kb_pb_3690,0.675,84.0,24.0,3690,0,chromosome 8:130343096-130348096,0.0,89.93555091938521,0.0,10.0
b'GGGGCCTGGGAAGGCCACTGAGAGCCACGAGCTGGGCTGG',chr7_55897282_55902282_5kb_pb_3902,0.725,62.0,24.0,3902,0,chromosome 8:130343096-130348096,0.0,91.4746806068938,2.0,7.0
b'CCAGGCCCACTTCCAGGCCAACTTAAGGACGACTTAGGCC',chr7_55897282_55902282_5kb_pb_4067,0.6,87.0,24.0,4067,0,chromosome 8:130343096-130348096,0.0,85.49052568836015,1.0,2.0
b'CCTGGAGAGGCCGACTTCAGCACGATTTAGGCCTGCAGAG',chr7_55897282_55902282_5kb_pb_4137,0.6,92.0,24.0,4137,0,chromosome 8:130343096-130348096,0.0,83.4074094320996,1.0,1.0
b'AGCTGAGTCCAAAGACATTGTTGGGAGGCCGGAGTCGGGC',chr7_55897282_55902282_5kb_pb_4359,0.6,91.0,24.0,4359,0,chromosome 8:130343096-130348096,1.0,85.16560314185642,1.0,1.0
