seq,name,gc,genome,local_genome,pb_index,reg_index,reg_name,repetitive,tm,top_transcriptome,transcriptome
b'TTCCATGTAGTTATGTAGTTTTGAGTGAGCTGAGTGAGTT',chr7_55452185_55457185_5kb_pb_584,0.375,69.0,24.0,584,0,chromosome 8:130343096-130348096,1.0,73.36519164047724,2.0,15.0
b'ATAGCCAAATCAATCAGGTGGAAAAAAGGACATCAGAGAT',chr7_55452185_55457185_5kb_pb_2058,0.375,87.0,24.0,2058,0,chromosome 8:130343096-130348096,0.0,74.46030850277418,2.0,7.0
b'GCGGAGGCTGCAAAACTACTAAGATTGCCGCCTGTTCCCT',chr7_55452185_55457185_5kb_pb_2616,0.55,42.0,24.0,2616,0,chromosome 8:130343096-130348096,0.0,83.22063929118923,2.0,8.0
b'TTTCATACCCTAGTGGTATCTGGAACATCAGCAAGACAGA',chr7_55452185_55457185_5kb_pb_3306,0.425,64.0,24.0,3306,0,chromosome 8:130343096-130348096,2.0,76.36873284373178,1.0,19.0
b'CATGGAACTCCTTCCTTTAGCAAAGGAAAGCTGTGAGGGA',chr7_55452185_55457185_5kb_pb_3517,0.475,98.0,24.0,3517,0,chromosome 8:130343096-130348096,1.0,78.85197722564197,1.0,14.0
b'TATATAAAAGGGCTCTAATTAGTTGACTGGTTAGACAGTG',chr7_55452185_55457185_5kb_pb_3624,0.35,61.0,24.0,3624,0,chromosome 8:130343096-130348096,0.0,72.44831717263861,0.0,9.0
b'AAATACATAGACATATTGAGCCAGGAGAATAGGGTAGGAG',chr7_55452185_55457185_5kb_pb_3698,0.4,81.0,24.0,3698,0,chromosome 8:130343096-130348096,0.0,74.77738612518147,2.0,17.0
b'AAAAAGACAAAACACCAAGGCCTGGGGGGCAGGGAATCTA',chr7_55452185_55457185_5kb_pb_4398,0.5,72.0,24.0,4398,0,chromosome 8:130343096-130348096,0.0,83.1324768726447,5.0,17.0
b'AAAACACCTGGGTCTGTGGGCAGGTAACCTAAGGCCAACT',chr7_55452185_55457185_5kb_pb_4477,0.525,55.0,24.0,4477,0,chromosome 8:130343096-130348096,0.0,83.77616326058836,3.0,16.0
b'AGGATCAAAGGCTACTCTTGCTACAGCCCTCCCACTTCCG',chr7_55452185_55457185_5kb_pb_4580,0.55,81.0,24.0,4580,0,chromosome 8:130343096-130348096,2.0,82.4375504775769,2.0,11.0
b'CCACGTCTCAGGGGGAAAAGGAGAGTGCCTTGGGTTGGCT',chr7_55452185_55457185_5kb_pb_4620,0.6,49.0,24.0,4620,0,chromosome 8:130343096-130348096,2.0,85.82202660722106,2.0,9.0
b'CAATTCACCTCAGCCTTAAATTAGCCATAGACCAAATCCA',chr7_55452185_55457185_5kb_pb_4702,0.4,87.0,24.0,4702,0,chromosome 8:130343096-130348096,2.0,75.79126762909584,1.0,18.0
b'GATAAGCGGTAGCCAATAAGAACCTCAAATGGGCCGGGTG',chr7_55452185_55457185_5kb_pb_4742,0.525,45.0,24.0,4742,0,chromosome 8:130343096-130348096,0.0,81.91654819931813,4.0,7.0
