seq,name,gc,genome,local_genome,pb_index,reg_index,reg_name,repetitive,tm,top_transcriptome,transcriptome
b'GGTGGCAGGAGGTGGGACAGATAAACCACAGTTTGTGAAG',chr8_128285101_128290101_5kb_pb_1033,0.525,65.0,24.0,1033,0,chromosome 8:130343096-130348096,0.0,80.72348244428122,2.0,19.0
b'TTACTCACTGAGTATTTTCAGCCTGAAGAGAAGAAATGCT',chr8_128285101_128290101_5kb_pb_1804,0.375,48.0,24.0,1804,0,chromosome 8:130343096-130348096,2.0,73.24484826875687,3.0,18.0
b'CCAATATAAATTCTTGCTATGTCTAAGAACGCCTCTAATT',chr8_128285101_128290101_5kb_pb_2034,0.325,36.0,24.0,2034,0,chromosome 8:130343096-130348096,0.0,71.45241687629289,2.0,20.0
