seq,name,gc,genome,local_genome,pb_index,reg_index,reg_name,repetitive,tm,top_transcriptome,transcriptome
b'TCATTTATTTGCAAGATAATGAGCAGGTTAGACATTTTTA',chr8_128525101_128530101_5kb_pb_640,0.275,46.0,24.0,640,0,chromosome 8:130343096-130348096,0.0,70.04217277822806,1.0,19.0
b'CCAACTCCCTGTCTTCACTCAACTAGTGGCTTTGACAGTG',chr8_128525101_128530101_5kb_pb_1106,0.5,41.0,24.0,1106,0,chromosome 8:130343096-130348096,0.0,78.10820096305821,1.0,20.0
b'GACCAGGGTCAGGCAATTGGTCAGAGATGGAGCTGGAAGG',chr8_128525101_128530101_5kb_pb_3325,0.575,60.0,24.0,3325,0,chromosome 8:130343096-130348096,1.0,82.65922039957451,2.0,20.0
b'GCTGCAAGTATTGTCTCGCCAAATGGAAGGCATTTCTTGT',chr8_128525101_128530101_5kb_pb_4666,0.45,36.0,24.0,4666,0,chromosome 8:130343096-130348096,2.0,77.84548805691122,0.0,18.0
