seq,name,gc,genome,local_genome,pb_index,reg_index,reg_name,repetitive,tm,top_transcriptome,transcriptome
b'GCTCATGACATTGTCTACTTGGAATAGCTCCCCTCATTTC',chr8_128465101_128470101_5kb_pb_363,0.45,32.0,24.0,363,0,chromosome 8:130343096-130348096,0.0,76.07510927396964,0.0,20.0
b'TGATCTTGACTGCTGACTTCGATGTCCTCACTCTCCCTTC',chr8_128465101_128470101_5kb_pb_490,0.5,28.0,24.0,490,0,chromosome 8:130343096-130348096,0.0,77.55994229567443,0.0,19.0
b'ACAAGGCCATCTCTTAAGGTTGCCCGTGCCCTGCACATAT',chr8_128465101_128470101_5kb_pb_1414,0.525,31.0,24.0,1414,0,chromosome 8:130343096-130348096,0.0,83.27201050422383,1.0,20.0
b'GAGAGAAAAATGTTGACAGTACTGGGGAAAAGGGGGATAA',chr8_128465101_128470101_5kb_pb_1742,0.425,45.0,24.0,1742,0,chromosome 8:130343096-130348096,0.0,76.94190616361158,1.0,17.0
