seq,name,gc,genome,local_genome,pb_index,reg_index,reg_name,repetitive,tm,top_transcriptome,transcriptome
b'GGAGAACACTCTAGCTTCCCTGAAAGCATTCAAGGTGCTG',chr8_128315101_128320101_5kb_pb_73,0.5,53.0,24.0,73,0,chromosome 8:130343096-130348096,2.0,78.39298147287121,4.0,19.0
b'TTCCAGATCTTGACTAGCACCACTCAATGAGTGGGACGAC',chr8_128315101_128320101_5kb_pb_557,0.5,26.0,24.0,557,0,chromosome 8:130343096-130348096,0.0,78.55520795657043,0.0,20.0
b'GCGCACACACAAATCATTCAGTATCCACCTCAAAGGGAAA',chr8_128315101_128320101_5kb_pb_1388,0.45,44.0,24.0,1388,0,chromosome 8:130343096-130348096,1.0,77.727180371597,1.0,18.0
b'TTTTACAATTAGGTGTATCCATGCAACTCGGTTCTAGCCA',chr8_128315101_128320101_5kb_pb_3867,0.4,38.0,24.0,3867,0,chromosome 8:130343096-130348096,2.0,76.47273300788595,2.0,19.0
b'TGCTGTATCTATTGGAATCAAGCAAGTGTTCCAGTAAAGA',chr8_128315101_128320101_5kb_pb_3981,0.375,42.0,24.0,3981,0,chromosome 8:130343096-130348096,0.0,74.12461927318446,1.0,20.0
b'GAGGTGAGGGAAAAAGATGTGTGAATTGATTAAGCCAAGG',chr8_128315101_128320101_5kb_pb_4236,0.425,57.0,24.0,4236,0,chromosome 8:130343096-130348096,0.0,75.70153485834118,0.0,18.0
