seq,name,gc,genome,local_genome,pb_index,reg_index,reg_name,repetitive,tm,top_transcriptome,transcriptome
b'TTACTTGTGGTATCTATCCTAAGAAAACATGTGTTCATGT',chr8_128445101_128450101_5kb_pb_3169,0.325,48.0,24.0,3169,0,chromosome 8:130343096-130348096,2.0,71.78694714123674,4.0,19.0
b'TTAAAAATTGGTAAAGGCTGAGTATGGGTTAACATAAGAT',chr8_128445101_128450101_5kb_pb_3244,0.3,36.0,24.0,3244,0,chromosome 8:130343096-130348096,0.0,72.17240671287618,0.0,18.0
b'CATAGCTTAAGCTTGTAAGAAAAAGGCAATAAACAATGTT',chr8_128445101_128450101_5kb_pb_3505,0.3,90.0,24.0,3505,0,chromosome 8:130343096-130348096,2.0,71.03561671044719,5.0,20.0
b'TTTGGTCTCAATCATTTAACCAGCCTCTAAGAAGTTTCAA',chr8_128445101_128450101_5kb_pb_4657,0.35,90.0,24.0,4657,0,chromosome 8:130343096-130348096,0.0,73.32115627878648,2.0,19.0
b'TAAGCAGCAAAACATTTACGATGTGACCCAACTGCTTCTA',chr8_128445101_128450101_5kb_pb_4896,0.4,56.0,24.0,4896,0,chromosome 8:130343096-130348096,2.0,76.02024829845817,1.0,11.0
