seq,name,gc,genome,local_genome,pb_index,reg_index,reg_name,repetitive,tm,top_transcriptome,transcriptome
b'TGACCAGTAACGCATTGCTTGTGGGTTTGTTTCCACAGGC',chr8_128275101_128280101_5kb_pb_1954,0.5,45.0,24.0,1954,0,chromosome 8:130343096-130348096,1.0,80.90174100241131,5.0,20.0
b'GTCTCCAGATGATTTGTAGGTGGTCCATCTGGCTTAGTCT',chr8_128275101_128280101_5kb_pb_2981,0.475,37.0,24.0,2981,0,chromosome 8:130343096-130348096,0.0,77.7865321713067,2.0,20.0
b'AGACTGTGCACCATTTCACACCAACAGAGACAAGCTTTCC',chr8_128275101_128280101_5kb_pb_3656,0.475,38.0,24.0,3656,0,chromosome 8:130343096-130348096,1.0,78.02444502679373,0.0,20.0
