seq,name,gc,genome,local_genome,pb_index,reg_index,reg_name,repetitive,tm,top_transcriptome,transcriptome
b'TCAAACGTGGGTCTACTTGGCTCAACAGCTGGGTTTTCTG',chr8_128470101_128475101_5kb_pb_332,0.5,29.0,24.0,332,0,chromosome 8:130343096-130348096,0.0,80.0579875482004,0.0,20.0
b'GTTCTGCCTTCTTTTGATGAGATTCATAGTTACCAATTTA',chr8_128470101_128475101_5kb_pb_595,0.325,51.0,24.0,595,0,chromosome 8:130343096-130348096,2.0,71.11837488825518,3.0,19.0
b'ATGACATATTACTCACATCAATTAGCCAGGCAATTTTTTT',chr8_128470101_128475101_5kb_pb_1836,0.3,50.0,24.0,1836,0,chromosome 8:130343096-130348096,1.0,71.66976381449416,3.0,18.0
b'CTTGAAGTTACTTCTCCAGAATAAACTCTCTGAAAGTCTC',chr8_128470101_128475101_5kb_pb_2024,0.375,66.0,24.0,2024,0,chromosome 8:130343096-130348096,0.0,70.93193414354306,3.0,20.0
