seq,name,gc,genome,local_genome,pb_index,reg_index,reg_name,repetitive,tm,top_transcriptome,transcriptome
b'TAAGGACATGTGCATGGAGAGTGTCACTGGATTTGGAGTC',chr8_128460101_128465101_5kb_pb_10,0.475,41.0,24.0,10,0,chromosome 8:130343096-130348096,1.0,77.68213930250016,1.0,19.0
b'TTTCCTGGAGTTACATTTGTGTTCCATATTTCTGCCACAT',chr8_128460101_128465101_5kb_pb_252,0.375,49.0,24.0,252,0,chromosome 8:130343096-130348096,0.0,75.15097184236095,4.0,19.0
b'AGGGGCTGGGATTTTACCTGGGTTCTTTTGACTTTATTCA',chr8_128460101_128465101_5kb_pb_364,0.425,70.0,24.0,364,0,chromosome 8:130343096-130348096,0.0,78.73110871737128,3.0,20.0
b'CTAGATACTGTTATTGCCACTTTCTTAAAGGTAAAGAAAC',chr8_128460101_128465101_5kb_pb_448,0.325,57.0,24.0,448,0,chromosome 8:130343096-130348096,2.0,70.63260644607288,2.0,15.0
b'GGGGAAGAAGGAGTTATTTGGCTATTAGGACTAGACAGTG',chr8_128460101_128465101_5kb_pb_918,0.45,35.0,24.0,918,0,chromosome 8:130343096-130348096,0.0,76.65238109128774,0.0,20.0
b'GACCTCACCACAGAGTGATGAGAAGAGGATCTGCCATTTT',chr8_128460101_128465101_5kb_pb_1241,0.475,36.0,24.0,1241,0,chromosome 8:130343096-130348096,2.0,77.25369626169703,0.0,19.0
b'AATTCCTAGATATTTCCTCCCATCTAATCTGTCATTTTTT',chr8_128460101_128465101_5kb_pb_1628,0.3,52.0,24.0,1628,0,chromosome 8:130343096-130348096,1.0,70.9541060265422,4.0,19.0
b'TGTCTGATGGACAACAGTTTTGGGAAACTTGAGTGTCTAA',chr8_128460101_128465101_5kb_pb_1994,0.4,36.0,24.0,1994,0,chromosome 8:130343096-130348096,0.0,75.19657866201084,2.0,20.0
b'GTGTGCAGTACCCCAAAGGTTAGCAATAGCAGTGAACTGT',chr8_128460101_128465101_5kb_pb_2130,0.475,29.0,24.0,2130,0,chromosome 8:130343096-130348096,2.0,79.06863035101918,1.0,20.0
b'AACAAGGACCTGAGTTCTGCCAACAAACTAAATGAGCTGG',chr8_128460101_128465101_5kb_pb_2701,0.45,58.0,24.0,2701,0,chromosome 8:130343096-130348096,1.0,77.46605542255179,1.0,20.0
b'ATCAGTTGAGTGCATTGAAAGGGAGATTATGCAGGTGGGC',chr8_128460101_128465101_5kb_pb_2960,0.475,51.0,24.0,2960,0,chromosome 8:130343096-130348096,0.0,78.94609085468215,3.0,20.0
b'CGATTAGCTTTAAATAGAGCATTGTTTCTTATCATGGATT',chr8_128460101_128465101_5kb_pb_4000,0.3,46.0,24.0,4000,0,chromosome 8:130343096-130348096,2.0,70.09659374557856,5.0,19.0
b'AGGCAATGCCCGGGGAAGGTAAGCTGCTGGAGCTGGAGGA',chr8_128460101_128465101_5kb_pb_4706,0.625,45.0,24.0,4706,0,chromosome 8:130343096-130348096,1.0,88.3203979154062,2.0,20.0
b'ATGTGTAGGTGATCTGAGGCCATGAAGAACTTGGCGCATT',chr8_128460101_128465101_5kb_pb_4866,0.475,36.0,24.0,4866,0,chromosome 8:130343096-130348096,0.0,79.34280662420923,0.0,20.0
