seq,name,gc,genome,local_genome,pb_index,reg_index,reg_name,repetitive,tm,top_transcriptome,transcriptome
b'GATATGAGAGTGAGCACATGGCAGTTTTGGGGAATGCTGA',chr8_128455101_128460101_5kb_pb_1098,0.475,56.0,24.0,1098,0,chromosome 8:130343096-130348096,1.0,78.36676044322184,1.0,20.0
b'TCAGATGCCTGATGTTGCTGGGCTAAACTCAGGCTGCTGG',chr8_128455101_128460101_5kb_pb_1659,0.55,34.0,24.0,1659,0,chromosome 8:130343096-130348096,2.0,82.29626974699823,0.0,19.0
b'AAAATTTCGTTTAAGCCAAGACATATTTATGGTCTTAGTT',chr8_128455101_128460101_5kb_pb_1706,0.275,37.0,24.0,1706,0,chromosome 8:130343096-130348096,2.0,70.5124702304484,0.0,20.0
b'GAATGGTCTTCATTCCCTAAAACAATCGGGGTTTTTTTTT',chr8_128455101_128460101_5kb_pb_2113,0.35,39.0,24.0,2113,0,chromosome 8:130343096-130348096,1.0,74.3377066097014,0.0,19.0
b'TCCTTCCTTTGCTGCAAATGACTGCTTGTTTAATACCAAA',chr8_128455101_128460101_5kb_pb_3137,0.375,49.0,24.0,3137,0,chromosome 8:130343096-130348096,0.0,75.47632067807535,3.0,17.0
b'GTAGGATGGGGCACTGAAGCTAGAAAGAGGCCGTGACTGA',chr8_128455101_128460101_5kb_pb_4354,0.55,32.0,24.0,4354,0,chromosome 8:130343096-130348096,0.0,81.95298601562888,1.0,20.0
b'CATTCAATCAAAAGCCTCCATCCCATTCTACTCCAACCTT',chr8_128455101_128460101_5kb_pb_4394,0.425,67.0,24.0,4394,0,chromosome 8:130343096-130348096,1.0,76.73135441975063,2.0,4.0
b'GTTGCTCATGGATGTGTTCAGGAAGAGCAGACAGGAATGG',chr8_128455101_128460101_5kb_pb_4570,0.5,55.0,24.0,4570,0,chromosome 8:130343096-130348096,0.0,78.18310694892563,0.0,19.0
