seq,name,gc,genome,local_genome,pb_index,reg_index,reg_name,repetitive,tm,top_transcriptome,transcriptome
b'CATAGTCTTGGCTTCACTCAACTAATTGGTACTTTTTTCC',chr8_128500101_128505101_5kb_pb_1723,0.375,49.0,24.0,1723,0,chromosome 8:130343096-130348096,2.0,73.08854213748094,3.0,17.0
b'CTCCTTCCCACACCTAAGGCAGCTTCTGGATTATCTCTGC',chr8_128500101_128505101_5kb_pb_2082,0.525,41.0,24.0,2082,0,chromosome 8:130343096-130348096,0.0,79.99421482515959,0.0,20.0
b'GTTGCAACCAGCTGCAGCAATCCAAAAGATAAGGAAGGAA',chr8_128500101_128505101_5kb_pb_4947,0.45,55.0,24.0,4947,0,chromosome 8:130343096-130348096,2.0,78.12863263918808,0.0,12.0
