seq,name,gc,genome,local_genome,pb_index,reg_index,reg_name,repetitive,tm,top_transcriptome,transcriptome
b'TTTCTCAGACGTCTTGCTCCATTCAGCTTGCTGGGTTTTG',chr8_128520101_128525101_5kb_pb_2351,0.475,36.0,24.0,2351,0,chromosome 8:130343096-130348096,0.0,78.19805507165131,1.0,20.0
b'TATCAAACAGGAAGCCTTAACTGGAGATGAAGATTTAGAA',chr8_128520101_128525101_5kb_pb_2615,0.35,46.0,24.0,2615,0,chromosome 8:130343096-130348096,1.0,72.84472209147833,5.0,18.0
b'CTACGTGGTATCCTCAGAAGCTGCCGCAATGCCTAGCCCA',chr8_128520101_128525101_5kb_pb_4388,0.575,26.0,24.0,4388,0,chromosome 8:130343096-130348096,0.0,83.93350973501816,1.0,20.0
b'AACTGAAGTAACTTCATGGCCTCAATTCACTTCTTTCTTT',chr8_128520101_128525101_5kb_pb_4676,0.35,46.0,24.0,4676,0,chromosome 8:130343096-130348096,2.0,72.88521221042078,3.0,18.0
