seq,name,gc,genome,local_genome,pb_index,reg_index,reg_name,repetitive,tm,top_transcriptome,transcriptome
b'CAAGCCCACTTCACACTCCCCAGTCATTTTCAATCCTTCC',chr8_128380101_128385101_5kb_pb_4729,0.5,50.0,24.0,4729,0,chromosome 8:130343096-130348096,1.0,79.51939746506844,3.0,3.0
b'ATCCTCACACCCGCTTCTCACTCCACAGGACCCCCATCCT',chr8_128380101_128385101_5kb_pb_4769,0.6,33.0,24.0,4769,0,chromosome 8:130343096-130348096,2.0,85.91846053115376,2.0,2.0
b'CCACACGGCTTCATGCCCCACAATAAACTGCAGTCCCCCT',chr8_128380101_128385101_5kb_pb_4809,0.575,35.0,24.0,4809,0,chromosome 8:130343096-130348096,0.0,85.23187925090429,0.0,0.0
b'ACATGCTGCAGACGCCACAGGAATCCTCAAACCTCCTCTC',chr8_128380101_128385101_5kb_pb_4849,0.55,35.0,24.0,4849,0,chromosome 8:130343096-130348096,0.0,81.5574284668682,0.0,0.0
b'TCTTTTACCTTCGCGTTAATCACCAATCTTTCTACTCTAC',chr8_128380101_128385101_5kb_pb_4889,0.375,32.0,24.0,4889,0,chromosome 8:130343096-130348096,0.0,73.25514351583013,0.0,0.0
b'CAAGCCTCAGATGCCTTACACTCCACAGGACAGCTGCAGC',chr8_128380101_128385101_5kb_pb_4929,0.575,41.0,24.0,4929,0,chromosome 8:130343096-130348096,0.0,82.00494911120114,0.0,6.0
