seq,name,gc,genome,local_genome,pb_index,reg_index,reg_name,repetitive,tm,top_transcriptome,transcriptome
b'CCTTGACTATATCTTCATTTGATTGTGCAGATCTTGTTTT',chr8_128515101_128520101_5kb_pb_1934,0.325,44.0,24.0,1934,0,chromosome 8:130343096-130348096,2.0,70.72000891579222,1.0,19.0
b'AGATGATCTACGTTGAAGGACATAGCACAAAACTTGGCAC',chr8_128515101_128520101_5kb_pb_3069,0.425,37.0,24.0,3069,0,chromosome 8:130343096-130348096,0.0,75.64474839089763,2.0,20.0
b'AGAGATAAAAATGACAATACCTGTCTCAGAATGTTGCAAA',chr8_128515101_128520101_5kb_pb_3118,0.325,60.0,24.0,3118,0,chromosome 8:130343096-130348096,2.0,71.49121602558984,2.0,20.0
