seq,name,gc,genome,local_genome,pb_index,reg_index,reg_name,repetitive,tm,top_transcriptome,transcriptome
b'TCTGAAAGTTGTATATACCAATTGGAAGAACAAGACAAAA',chr8_128215101_128220101_5kb_pb_619,0.3,78.0,24.0,619,0,chromosome 8:130343096-130348096,2.0,70.89162615449925,3.0,19.0
b'AGAGTCAGGGACTATTGAAGAGCCACTATTGCATATTGCT',chr8_128215101_128220101_5kb_pb_838,0.425,32.0,24.0,838,0,chromosome 8:130343096-130348096,0.0,76.39835533480817,1.0,20.0
b'AGCAGAAACTTACCCTGCATGAGTGAGAAGAAAGGATTCA',chr8_128215101_128220101_5kb_pb_961,0.425,63.0,24.0,961,0,chromosome 8:130343096-130348096,0.0,76.16837663463622,2.0,18.0
b'TCTGAAGTTGTTGCAGTCAGTAAACAGAAAGACCCAGGGA',chr8_128215101_128220101_5kb_pb_1001,0.45,41.0,24.0,1001,0,chromosome 8:130343096-130348096,2.0,77.6619371148281,2.0,12.0
b'CTGCAGCTTTAATATCTCCTAGGCTAGCTGATAGTTCCTT',chr8_128215101_128220101_5kb_pb_1304,0.425,31.0,24.0,1304,0,chromosome 8:130343096-130348096,0.0,75.70426801697624,4.0,20.0
b'CTATGTACTAATCCCTAAGGATATAATGTTGAACAAGACA',chr8_128215101_128220101_5kb_pb_1353,0.325,53.0,24.0,1353,0,chromosome 8:130343096-130348096,2.0,71.07369292899585,5.0,9.0
b'TATAAGTTGTGTAGATTTATTAGCAACCTCAGTTCTTCAT',chr8_128215101_128220101_5kb_pb_3932,0.3,46.0,24.0,3932,0,chromosome 8:130343096-130348096,1.0,70.40256374007095,0.0,16.0
b'TAGAACCTAATTTTAGAATTGCATTCTGCAGGAGGCCATG',chr8_128215101_128220101_5kb_pb_4347,0.4,75.0,24.0,4347,0,chromosome 8:130343096-130348096,1.0,75.57048079367189,5.0,20.0
