seq,name,gc,genome,local_genome,pb_index,reg_index,reg_name,repetitive,tm,top_transcriptome,transcriptome
b'GATTTAGAGTTGAAAATGGGAGTAGATTGGGTGATCCTCT',chr8_128335101_128340101_5kb_pb_1411,0.4,37.0,24.0,1411,0,chromosome 8:130343096-130348096,2.0,74.52965771190838,1.0,20.0
b'CTGTTTGAAGAAATCTGGTATCTGTGGGAAGGAAACAAAA',chr8_128335101_128340101_5kb_pb_2252,0.375,56.0,24.0,2252,0,chromosome 8:130343096-130348096,0.0,73.88339323303825,3.0,20.0
b'GCATTTACAAAATTGGCACACAGCACAGTCAGCAAACTTT',chr8_128335101_128340101_5kb_pb_3148,0.4,59.0,24.0,3148,0,chromosome 8:130343096-130348096,1.0,75.70126387221546,4.0,18.0
b'CACCCCACAGCCCACCCCCCGACTGCATGGGCAACCCATA',chr8_128335101_128340101_5kb_pb_4822,0.675,47.0,24.0,4822,0,chromosome 8:130343096-130348096,1.0,91.6244307830043,1.0,20.0
