seq,name,gc,genome,local_genome,pb_index,reg_index,reg_name,repetitive,tm,top_transcriptome,transcriptome
b'AACTTTCCACTTTCCAAAGATAATGGAGCCATAAGAAATA',chr8_129835101_129840101_5kb_pb_7,0.325,69.0,24.0,7,0,chromosome 8:130343096-130348096,2.0,72.75581373370869,5.0,8.0
b'CAAATCCTTATCCACAAGCCTCATTACAACCCCTCACCCC',chr8_129835101_129840101_5kb_pb_69,0.5,41.0,24.0,69,0,chromosome 8:130343096-130348096,2.0,80.53715875592388,5.0,10.0
b'AAAAAAAACTTCAACTAAGTTGGTTTGGTTTCGCTGCTGT',chr8_129835101_129840101_5kb_pb_174,0.35,45.0,24.0,174,0,chromosome 8:130343096-130348096,2.0,74.38174117075755,1.0,2.0
b'TGGTGAAAGATGCTTCTGAGCCAAGTTGGACCCAGCAGAC',chr8_129835101_129840101_5kb_pb_214,0.525,39.0,24.0,214,0,chromosome 8:130343096-130348096,0.0,80.77311815284372,4.0,4.0
b'TTTTTCTCTCTACTTTCACTGAATGGGGACTGATCTGCAT',chr8_129835101_129840101_5kb_pb_255,0.4,59.0,24.0,255,0,chromosome 8:130343096-130348096,1.0,74.78623664497815,5.0,13.0
b'TGAACCAAAAAGAAAACACACTGCATATTTGTTCCCATGG',chr8_129835101_129840101_5kb_pb_334,0.375,98.0,24.0,334,0,chromosome 8:130343096-130348096,2.0,74.91684310255437,1.0,16.0
b'AAAGAGAAAGTTTGGGTGTAGATCAAGATATAGACAGAAG',chr8_129835101_129840101_5kb_pb_418,0.35,51.0,24.0,418,0,chromosome 8:130343096-130348096,1.0,71.2998275985035,5.0,9.0
b'AACATGGTTTTAAATCTTTGATCCTCTTACGACCTATGAA',chr8_129835101_129840101_5kb_pb_458,0.325,53.0,24.0,458,0,chromosome 8:130343096-130348096,2.0,72.14304401957412,2.0,18.0
b'TCATAAAATCATGAAGAATGATTATAATGTGGGTAAAGCA',chr8_129835101_129840101_5kb_pb_548,0.275,60.0,24.0,548,0,chromosome 8:130343096-130348096,2.0,70.01456303704094,2.0,12.0
b'CCTATCAGTGTTTGGCAAGTAGCAGATATTCATTGTTCTT',chr8_129835101_129840101_5kb_pb_588,0.375,47.0,24.0,588,0,chromosome 8:130343096-130348096,0.0,73.48499588167562,2.0,6.0
b'TTCCCCATTGAGAAATATTTATCTAAAGTAGAGCCTTCTA',chr8_129835101_129840101_5kb_pb_628,0.325,86.0,24.0,628,0,chromosome 8:130343096-130348096,1.0,72.14255225644774,4.0,14.0
b'ACCAACTGCCTGCATCAATATCACCTGGCATCCTTCTTGA',chr8_129835101_129840101_5kb_pb_668,0.475,66.0,24.0,668,0,chromosome 8:130343096-130348096,0.0,79.66381552284605,2.0,10.0
