seq,name,gc,genome,local_genome,pb_index,reg_index,reg_name,repetitive,tm,top_transcriptome,transcriptome
b'TATTAACATGTTATATTTAATAGTCTTTGGGGGATTCTGA',chr8_130280101_130285101_5kb_pb_3641,0.275,75.0,24.0,3641,0,chromosome 8:130343096-130348096,2.0,70.3918390029155,3.0,15.0
b'TATATCTTGCTTAGAAAGAACTTACTACTGCAAGATTACA',chr8_130280101_130285101_5kb_pb_3685,0.3,65.0,24.0,3685,0,chromosome 8:130343096-130348096,0.0,70.0743049915045,4.0,18.0
b'TCTCAGTAGCTTGTCCCACCAGTATTGATTGATTATGCAG',chr8_130280101_130285101_5kb_pb_3817,0.425,29.0,24.0,3817,0,chromosome 8:130343096-130348096,2.0,75.61296516172467,3.0,4.0
b'TCTTTAACAAACTGATGTGGAGTGCTGACATTATCATAAT',chr8_130280101_130285101_5kb_pb_3857,0.325,33.0,24.0,3857,0,chromosome 8:130343096-130348096,2.0,71.56499525488698,2.0,2.0
b'ATTTTTACATTATTTGAGTCTCACTCAAGACTCCACACTT',chr8_130280101_130285101_5kb_pb_3901,0.325,58.0,24.0,3901,0,chromosome 8:130343096-130348096,0.0,71.13687812213004,2.0,17.0
b'AATTTTCCTGGCTAATCTTTATTTGAACTATAAGTTCAGC',chr8_130280101_130285101_5kb_pb_4040,0.3,80.0,24.0,4040,0,chromosome 8:130343096-130348096,0.0,70.56216945557856,1.0,18.0
b'TAGCATCTTTACAATCTTGCATTAATTTTACAAGAACTGG',chr8_130280101_130285101_5kb_pb_4159,0.3,61.0,24.0,4159,0,chromosome 8:130343096-130348096,0.0,70.44324132476498,5.0,14.0
b'GTAAAAGTGTTTTAAAGTCCTTTCTATGCCCTATGAGAGC',chr8_130280101_130285101_5kb_pb_4248,0.375,57.0,24.0,4248,0,chromosome 8:130343096-130348096,2.0,73.19216139742082,5.0,13.0
b'AAAGTTTATTCATACAAAGCTAGCACATTTCTATTTACCT',chr8_130280101_130285101_5kb_pb_4294,0.275,41.0,24.0,4294,0,chromosome 8:130343096-130348096,1.0,70.07576451587562,1.0,6.0
b'AATGGAGATTTCTTTGAGTAACATTAAGTACAACCTACGT',chr8_130280101_130285101_5kb_pb_4375,0.325,48.0,24.0,4375,0,chromosome 8:130343096-130348096,2.0,71.90744045551986,4.0,6.0
b'GAAAATAGTAAAGCCACCAGGGTTTTAGAAATTAATTTCT',chr8_130280101_130285101_5kb_pb_4415,0.3,71.0,25.0,4415,0,chromosome 8:130343096-130348096,0.0,71.4139769073098,5.0,19.0
b'TGCTTCCATTATTTTTAAGGATTTACCCAGTTGATAATTT',chr8_130280101_130285101_5kb_pb_4469,0.275,73.0,24.0,4469,0,chromosome 8:130343096-130348096,1.0,71.19009774753863,4.0,15.0
b'TTTATTGGAAAGAATTTTGCACAATATATTGGGTAATAGG',chr8_130280101_130285101_5kb_pb_4613,0.275,44.0,24.0,4613,0,chromosome 8:130343096-130348096,2.0,70.58322016376928,2.0,7.0
b'TTAATGAAAACATTTTCGTGTTTCACTGTTAGACATGTTG',chr8_130280101_130285101_5kb_pb_4687,0.3,44.0,24.0,4687,0,chromosome 8:130343096-130348096,2.0,70.10371476829556,4.0,8.0
