seq,name,gc,genome,local_genome,pb_index,reg_index,reg_name,repetitive,tm,top_transcriptome,transcriptome
b'AGGGGTGTTTTCTAGAATGAAGGTAATATTTTTATCTTAC',chr8_128350101_128355101_5kb_pb_4659,0.3,79.0,24.0,4659,0,chromosome 8:130343096-130348096,0.0,70.72626505285666,4.0,15.0
b'TGGAGTTTGGATTGGAAAGTCCACATGCCTGAAGGTATAA',chr8_128350101_128355101_5kb_pb_4712,0.425,29.0,24.0,4712,0,chromosome 8:130343096-130348096,2.0,77.71717748132318,0.0,1.0
b'TTCCTGCATTGCCTAGTCCTGGTGGGTATCTGTCTACTCC',chr8_128350101_128355101_5kb_pb_4752,0.525,24.0,24.0,4752,0,chromosome 8:130343096-130348096,0.0,81.13479577699638,0.0,0.0
b'AGGAAATTGTATGAAACAGTCCTAGCTGAAGCCTGAGATT',chr8_128350101_128355101_5kb_pb_4792,0.4,35.0,24.0,4792,0,chromosome 8:130343096-130348096,0.0,75.1853407091308,3.0,5.0
b'CTCACAGAGTGCATGCCTTCACCCTTGTTCCTGGCCATGC',chr8_128350101_128355101_5kb_pb_4832,0.575,36.0,24.0,4832,0,chromosome 8:130343096-130348096,0.0,82.90816699356753,1.0,2.0
b'GTTCCTTCAGTCCCATGACCCACTGTCCACAAATGGGCTG',chr8_128350101_128355101_5kb_pb_4872,0.55,31.0,24.0,4872,0,chromosome 8:130343096-130348096,0.0,82.0470515797108,2.0,4.0
b'GTTTCTGAGCTTGGAAAGAAAACTCAGGCATGTGTAACAT',chr8_128350101_128355101_5kb_pb_4913,0.4,62.0,24.0,4913,0,chromosome 8:130343096-130348096,2.0,74.66349264271628,5.0,13.0
b'TGCTCACTCACTTCTCCCCAAGGGAGGGGTGTTCGATATG',chr8_128350101_128355101_5kb_pb_4953,0.55,45.0,24.0,4953,0,chromosome 8:130343096-130348096,0.0,82.29728451284018,4.0,15.0
