seq,name,gc,genome,local_genome,pb_index,reg_index,reg_name,repetitive,tm,top_transcriptome,transcriptome
b'GTACAGTGGTTGGGAGTCTGTTCCACCGTAATTTGGGTTA',chr8_128510101_128515101_5kb_pb_664,0.475,28.0,24.0,664,0,chromosome 8:130343096-130348096,1.0,79.60433179933227,0.0,20.0
b'CTCCTCCTGCCTCCGGGTTGCTACTGGGGATCCTTGAGAG',chr8_128510101_128515101_5kb_pb_767,0.625,32.0,24.0,767,0,chromosome 8:130343096-130348096,2.0,85.2931263347715,1.0,5.0
b'GTAGCAGCTGTGGCTACCAGTGGAAAGCTTGGAGTCTGTG',chr8_128510101_128515101_5kb_pb_824,0.55,26.0,24.0,824,0,chromosome 8:130343096-130348096,1.0,80.94343542399884,0.0,20.0
b'AAGCTGTTTTCCACCATGGGGGGCATTTGCTTTGAAAATC',chr8_128510101_128515101_5kb_pb_1689,0.45,42.0,24.0,1689,0,chromosome 8:130343096-130348096,2.0,79.61055016477792,3.0,16.0
b'GCAGGGCGGAGAACTAGAGAGCTCTCATGGGGCCTCTTCT',chr8_128510101_128515101_5kb_pb_2640,0.6,32.0,24.0,2640,0,chromosome 8:130343096-130348096,2.0,84.02089717071419,0.0,19.0
b'GGCTGACATACCAAATTACCATCAATTGTGTGGCTTAAAC',chr8_128510101_128515101_5kb_pb_3097,0.4,37.0,24.0,3097,0,chromosome 8:130343096-130348096,0.0,75.33635415668346,1.0,18.0
b'AGGTGATGAAATCAGCACATCAATAGAAGCATAGCTGAGA',chr8_128510101_128515101_5kb_pb_3730,0.4,41.0,24.0,3730,0,chromosome 8:130343096-130348096,0.0,74.45405023851305,0.0,18.0
