seq,name,gc,genome,local_genome,pb_index,reg_index,reg_name,repetitive,tm,top_transcriptome,transcriptome
b'TAAAATAGGCAAACAGTCCGAGGCGCCTGACGTCCAGGCA',chr8_128560101_128565101_5kb_pb_546,0.55,89.0,24.0,546,0,chromosome 8:130343096-130348096,1.0,83.81462339433153,0.0,13.0
b'AGTTCATGACTTGTTTAGCAGCAATACTGAGATACTTTAC',chr8_128560101_128565101_5kb_pb_1001,0.35,43.0,24.0,1001,0,chromosome 8:130343096-130348096,0.0,71.62765274232885,2.0,10.0
b'GTCTTATTCTCAAAATGCACTTTATTACCCATTCTGCTCC',chr8_128560101_128565101_5kb_pb_1070,0.375,81.0,24.0,1070,0,chromosome 8:130343096-130348096,0.0,73.19597581750924,3.0,14.0
b'TCCCAGAGCCCCTAGAACGCTGGTCCAAGGCTCTCTGACT',chr8_128560101_128565101_5kb_pb_1457,0.6,99.0,24.0,1457,0,chromosome 8:130343096-130348096,0.0,85.26724162721621,1.0,9.0
b'TTCTTACACAACAACCAGGACCACACCGTATAGCCTTTCT',chr8_128560101_128565101_5kb_pb_2610,0.45,33.0,24.0,2610,0,chromosome 8:130343096-130348096,2.0,78.60934767455456,0.0,3.0
b'TTACTATTATTATTGCACTGTGATCCCAGAGTGTGCTTGG',chr8_128560101_128565101_5kb_pb_4920,0.4,85.0,24.0,4920,0,chromosome 8:130343096-130348096,0.0,74.99988023801416,4.0,17.0
