seq,name,gc,genome,local_genome,pb_index,reg_index,reg_name,repetitive,tm,top_transcriptome,transcriptome
b'GTGCAGGTCAGTGGGGACCGGGGTCTGGCCCATGAAATCA',chr8_128450101_128455101_5kb_pb_240,0.625,81.0,24.0,240,0,chromosome 8:130343096-130348096,0.0,87.44398595144185,1.0,15.0
b'CAGGTTCAGGATGTAAGCTGCTAGTGTATCTACCATTTTA',chr8_128450101_128455101_5kb_pb_652,0.4,34.0,24.0,652,0,chromosome 8:130343096-130348096,2.0,74.75635658904696,0.0,20.0
b'GCCCGTGTTGCCACTTTCATGGGTTGTAGTTGAATGCCTG',chr8_128450101_128455101_5kb_pb_701,0.525,43.0,24.0,701,0,chromosome 8:130343096-130348096,0.0,81.4302115307845,0.0,20.0
b'GCCTTTGATTATTTGCCCTGAATGAGGGGTGGGCTCCTAA',chr8_128450101_128455101_5kb_pb_781,0.5,39.0,24.0,781,0,chromosome 8:130343096-130348096,0.0,81.81133958600077,1.0,16.0
b'AGTTTGGGATTTGTTACTGATATGCTTATGGTATTTGGCC',chr8_128450101_128455101_5kb_pb_1535,0.375,46.0,24.0,1535,0,chromosome 8:130343096-130348096,1.0,75.20065113599912,2.0,20.0
b'CCATTGATTGCACTGTCCCTTGACAATATGTTTTATTTCT',chr8_128450101_128455101_5kb_pb_1729,0.35,51.0,24.0,1729,0,chromosome 8:130343096-130348096,0.0,73.00685940002262,5.0,19.0
b'GATCTCTTTGCTAATTCACCTGATCATGCAATTTATGTAT',chr8_128450101_128455101_5kb_pb_1855,0.325,38.0,24.0,1855,0,chromosome 8:130343096-130348096,0.0,70.87409497063402,0.0,20.0
b'CATATTCTATGGGCTTTCTGGATATGTGATTTAATGTCTT',chr8_128450101_128455101_5kb_pb_2228,0.325,47.0,24.0,2228,0,chromosome 8:130343096-130348096,1.0,71.38427633159625,2.0,20.0
b'CACTCTCCGAGTGAGCAACAGATGAGAATCTGTTTCAAAT',chr8_128450101_128455101_5kb_pb_2926,0.425,51.0,24.0,2926,0,chromosome 8:130343096-130348096,0.0,74.28918295684895,0.0,20.0
b'CTTGCGGAAGAAATCCCTTTATGTAATTCCCCTCTTTATC',chr8_128450101_128455101_5kb_pb_3678,0.4,46.0,24.0,3678,0,chromosome 8:130343096-130348096,2.0,75.03169246899006,1.0,17.0
b'AAACTTGATCTGCCTGTAAGCACATATTTCAAAAGCAAAT',chr8_128450101_128455101_5kb_pb_4039,0.325,91.0,24.0,4039,0,chromosome 8:130343096-130348096,1.0,72.5836186959661,2.0,19.0
b'TATTAATAGATACAACCTACCTAAATTCTCTCTTCTGGTA',chr8_128450101_128455101_5kb_pb_4408,0.3,49.0,24.0,4408,0,chromosome 8:130343096-130348096,0.0,70.37771723922782,2.0,20.0
