seq,name,gc,genome,local_genome,pb_index,reg_index,reg_name,repetitive,tm,top_transcriptome,transcriptome
b'ATGCTTATTTGAAGTTCTTGAGTGTTTCCAATAAGATAGA',chr8_128540101_128545101_5kb_pb_1427,0.3,43.0,24.0,1427,0,chromosome 8:130343096-130348096,1.0,70.31086819355,5.0,20.0
b'TGGATCCTCCAGCCCCTGTTAGGCTCCCAGATGACAACAT',chr8_128540101_128545101_5kb_pb_2351,0.55,41.0,24.0,2351,0,chromosome 8:130343096-130348096,0.0,83.78426825528123,2.0,17.0
b'GGGTATCCTGGGTAAGGGTATTTCATGAGGTTGTGGTCAA',chr8_128540101_128545101_5kb_pb_2405,0.475,41.0,24.0,2405,0,chromosome 8:130343096-130348096,2.0,80.04581359915466,2.0,17.0
b'TCTGTGCTATGAAATGGTGTGTCCTTCTTTCTGATTCTTA',chr8_128540101_128545101_5kb_pb_2753,0.375,51.0,24.0,2753,0,chromosome 8:130343096-130348096,0.0,73.60500497986726,2.0,18.0
b'TGGTGAAATGAGCAATTATGCTACTTTTCATTGAAAGCTC',chr8_128540101_128545101_5kb_pb_3103,0.35,61.0,24.0,3103,0,chromosome 8:130343096-130348096,0.0,72.55291682316363,5.0,14.0
b'GAACACCTTCTCAAATAGAACCCCCAGGATGAGCCCCACA',chr8_128540101_128545101_5kb_pb_3670,0.525,40.0,24.0,3670,0,chromosome 8:130343096-130348096,0.0,81.98740617274831,3.0,20.0
b'GCTTTCTCTTTCGGGCTTGCATGAGGGTTTCTGCTTTGCA',chr8_128540101_128545101_5kb_pb_3833,0.5,43.0,24.0,3833,0,chromosome 8:130343096-130348096,1.0,80.30998270479557,2.0,16.0
b'ACTATGCTGTTAGCGGTCAAAAGAGGTTTTGTATCAGGAC',chr8_128540101_128545101_5kb_pb_4690,0.425,27.0,24.0,4690,0,chromosome 8:130343096-130348096,0.0,76.0874577390141,0.0,20.0
b'TTATCTGTGTCATGGGGAATGGTTAATGCTCACATTTTTG',chr8_128540101_128545101_5kb_pb_4760,0.375,37.0,24.0,4760,0,chromosome 8:130343096-130348096,2.0,74.47755012058894,2.0,18.0
