seq,name,gc,genome,local_genome,pb_index,reg_index,reg_name,repetitive,tm,top_transcriptome,transcriptome
b'CCCATTCACAATGAAAATCCCAGTAAATTAGAAATAGAAG',chr8_128295101_128300101_5kb_pb_900,0.325,82.0,24.0,900,0,chromosome 8:130343096-130348096,0.0,71.08503945488053,2.0,18.0
b'CTAGGGTTTTATCAGAACTTAACTGACCTGAGGAAAAGAA',chr8_128295101_128300101_5kb_pb_1329,0.375,48.0,24.0,1329,0,chromosome 8:130343096-130348096,0.0,73.40882046791575,1.0,20.0
b'TCAGATATTCAATGTAAGAATGTATTAGAGCTCCCAGAGG',chr8_128295101_128300101_5kb_pb_1496,0.375,41.0,24.0,1496,0,chromosome 8:130343096-130348096,0.0,72.80217683194695,0.0,20.0
b'ATGATAACCATCCTATGAAGTAGATGGTATCATAATTTCT',chr8_128295101_128300101_5kb_pb_1923,0.3,62.0,24.0,1923,0,chromosome 8:130343096-130348096,0.0,70.41799438552732,4.0,20.0
b'TAGGTAATAGAACTACCTAATAGTAGTTCTATTAGGTAGT',chr8_128295101_128300101_5kb_pb_2031,0.3,41.0,24.0,2031,0,chromosome 8:130343096-130348096,0.0,70.35480243171656,2.0,20.0
b'TCTGATTTACCAACTGCCGCCATGCCTATATGACAACTAG',chr8_128295101_128300101_5kb_pb_2472,0.45,28.0,24.0,2472,0,chromosome 8:130343096-130348096,1.0,77.72130472739906,0.0,10.0
b'TCCCGCTGGCCTCATACAGTCTGGTCTCCATATGGTAGAC',chr8_128295101_128300101_5kb_pb_3189,0.55,30.0,24.0,3189,0,chromosome 8:130343096-130348096,0.0,82.03786572083305,0.0,20.0
b'TTTTCCCCTTGTCATATCCTACCACCTGGCACAACATTAT',chr8_128295101_128300101_5kb_pb_3649,0.425,37.0,24.0,3649,0,chromosome 8:130343096-130348096,0.0,78.38069860775187,0.0,20.0
