seq,name,gc,genome,local_genome,pb_index,reg_index,reg_name,repetitive,tm,top_transcriptome,transcriptome
b'GAATGATAAGTATCAAAGTCGGAAAGTGGTTACCCTTGGG',chr8_128320101_128325101_5kb_pb_2158,0.425,39.0,24.0,2158,0,chromosome 8:130343096-130348096,2.0,76.00744538504256,0.0,11.0
b'GATGGGCAAGGGTACTCAGAACTACTACCTTGTGGGCCAT',chr8_128320101_128325101_5kb_pb_4085,0.525,26.0,24.0,4085,0,chromosome 8:130343096-130348096,0.0,81.99378157439685,0.0,20.0
b'GCCAGGATTCAAAATCACGTCAGTCTGGTACTCAAGTCCT',chr8_128320101_128325101_5kb_pb_4622,0.475,44.0,24.0,4622,0,chromosome 8:130343096-130348096,0.0,77.78577901018082,1.0,16.0
b'CCTTCTCTAGGAGTTTGCAATCTACGGGGAGCGATGGGCA',chr8_128320101_128325101_5kb_pb_4828,0.55,39.0,24.0,4828,0,chromosome 8:130343096-130348096,1.0,82.52683568402512,3.0,20.0
