seq,name,gc,genome,local_genome,pb_index,reg_index,reg_name,repetitive,tm,top_transcriptome,transcriptome
b'GATGCCACCTGAACTGTTTAGCAAATGTTGCACCTTTTGC',chr8_128425101_128430101_5kb_pb_320,0.45,39.0,24.0,320,0,chromosome 8:130343096-130348096,0.0,77.52088875694108,0.0,20.0
b'AGAAAAGTGAACGTGACATCTTCTCTCAGGCTGTTTGTGA',chr8_128425101_128430101_5kb_pb_384,0.425,51.0,24.0,384,0,chromosome 8:130343096-130348096,0.0,75.30947061851163,5.0,13.0
b'AACTGAAAAAAAATGTAAGCGGAGTGATTGATTGCCTGAG',chr8_128425101_128430101_5kb_pb_571,0.375,55.0,24.0,571,0,chromosome 8:130343096-130348096,0.0,73.89554557425191,1.0,20.0
b'TCCTCAAATCTTTTTTAAGAGAATCATTGATGGTCTTGAA',chr8_128425101_128430101_5kb_pb_681,0.3,70.0,24.0,681,0,chromosome 8:130343096-130348096,1.0,70.26734794675235,3.0,19.0
b'CTGCTTTCATTCATAAAGCCAGCCACCGTCTAAGAAATCT',chr8_128425101_128430101_5kb_pb_1691,0.425,39.0,24.0,1691,0,chromosome 8:130343096-130348096,0.0,76.13703154729279,4.0,17.0
b'CTGATTCTGTAGGTCGCTTTGGCTCAGCACGCAGCTCTTC',chr8_128425101_128430101_5kb_pb_1893,0.55,31.0,24.0,1893,0,chromosome 8:130343096-130348096,0.0,80.184692137519,1.0,20.0
b'ATGTACTGAGCACCCACCGTATGCTAATTGCATTACCTAC',chr8_128425101_128430101_5kb_pb_3192,0.45,41.0,24.0,3192,0,chromosome 8:130343096-130348096,0.0,78.03827286002218,1.0,19.0
b'TCCTGTTCCCATCGTTTCTTAATTATATGATTTTAGGCTA',chr8_128425101_128430101_5kb_pb_3335,0.325,53.0,24.0,3335,0,chromosome 8:130343096-130348096,0.0,72.72564564309351,2.0,20.0
