seq,name,gc,genome,local_genome,pb_index,reg_index,reg_name,repetitive,tm,top_transcriptome,transcriptome
b'TCCAAGATGCCACCCTCTCCTAAATTTCCCCCTTCCTCAC',chr8_128435101_128440101_5kb_pb_1040,0.525,54.0,24.0,1040,0,chromosome 8:130343096-130348096,1.0,82.19333615391093,2.0,20.0
b'AATTTATACTTTTAGCCCAGATCTCTCCCTTAAACTCTAC',chr8_128435101_128440101_5kb_pb_1260,0.35,45.0,24.0,1260,0,chromosome 8:130343096-130348096,2.0,72.53661798894785,0.0,13.0
b'TACATTCTTGGGCCCAACCTGATTCAGTAGTTCTAGTGCA',chr8_128435101_128440101_5kb_pb_2030,0.45,56.0,24.0,2030,0,chromosome 8:130343096-130348096,0.0,78.44924783392287,2.0,20.0
b'TCTCATCACATACTCACAGGAATACTGTATTTGCATTAAA',chr8_128435101_128440101_5kb_pb_2385,0.325,42.0,24.0,2385,0,chromosome 8:130343096-130348096,1.0,71.46384635308226,3.0,20.0
b'AAGCAGTGATCCGTTTATCCCCTTTATTTGTTAGCACAGA',chr8_128435101_128440101_5kb_pb_3012,0.4,28.0,24.0,3012,0,chromosome 8:130343096-130348096,0.0,76.30294373931758,0.0,20.0
