seq,name,gc,genome,local_genome,pb_index,reg_index,reg_name,repetitive,tm,top_transcriptome,transcriptome
b'GCAGGAAATCGGAAATGGGTAGGTATATTTCTGACTGTCA',chr8_128310101_128315101_5kb_pb_2088,0.425,36.0,24.0,2088,0,chromosome 8:130343096-130348096,1.0,76.36651753159407,1.0,20.0
b'TTCATAGGATAGACTGTGATGACAAATAGATCAAATTTGG',chr8_128310101_128315101_5kb_pb_2829,0.325,35.0,24.0,2829,0,chromosome 8:130343096-130348096,2.0,70.56581596426531,2.0,16.0
b'TGATTTATTAAGAGAACTTTTAGAATAAGTGTACAACCCC',chr8_128310101_128315101_5kb_pb_4767,0.3,51.0,24.0,4767,0,chromosome 8:130343096-130348096,0.0,70.43045750657342,2.0,18.0
